emotion,word
trust,abacus
fear,abandon
anger,abandoned
anger,abandonment
trust,abbot
fear,abduction
disgust,aberration
anger,abhor
anger,abhorrent
disgust,abject
disgust,abnormal
anger,abolish
disgust,abominable
anger,abomination
disgust,abortion
sadness,abortive
surprise,abrupt
sadness,abscess
fear,absence
sadness,absent
sadness,absentee
joy,absolution
anticipation,abundance
joy,abundant
anger,abuse
sadness,abysmal
fear,abyss
trust,academic
anticipation,accelerate
fear,accident
fear,accidental
surprise,accidentally
anticipation,accolade
anticipation,accompaniment
joy,accomplish
joy,accomplished
trust,accord
trust,account
trust,accountability
trust,accountable
trust,accountant
trust,accounts
trust,accredited
trust,accurate
anger,accursed
anger,accusation
anger,accused
anger,accuser
anger,accusing
sadness,ache
joy,achieve
anticipation,achievement
sadness,aching
anticipation,acquiring
fear,acrobat
anger,actionable
anger,adder
anticipation,addresses
trust,adhering
fear,adjudicate
trust,administrative
joy,admirable
trust,admiral
joy,admiration
trust,admire
trust,admissible
fear,admonition
joy,adorable
joy,adoration
anticipation,adore
anticipation,adrift
disgust,adultery
anticipation,advance
anticipation,advent
anticipation,adventure
anger,adversary
anger,adverse
anger,adversity
trust,advice
trust,advisable
trust,advise
trust,advised
trust,adviser
anger,advocacy
trust,advocate
joy,aesthetics
joy,affection
trust,affirm
trust,affirmatively
fear,afflict
disgust,affliction
joy,affluence
anger,affront
fear,afraid
anger,aftermath
fear,aga
anger,aggravated
anger,aggravating
anger,aggravation
anger,aggression
anger,aggressive
anger,aggressor
disgust,aghast
anger,agitated
anger,agitation
fear,agonizing
anger,agony
trust,agreeable
trust,agreed
trust,agreeing
trust,agreement
sadness,ail
fear,ailing
anticipation,airport
disgust,airs
trust,akin
fear,alarm
fear,alarming
trust,alb
anger,alcoholism
anticipation,alertness
anticipation,alerts
disgust,alien
anger,alienate
sadness,alienated
anger,alienation
anticipation,alive
anger,allegation
trust,allegiance
trust,alliance
trust,allied
anticipation,allure
trust,ally
anticipation,aloha
anger,altercation
surprise,amaze
joy,amazingly
trust,ambassador
anticipation,ambition
fear,ambulance
anger,ambush
joy,amen
joy,amicable
disgust,ammonia
joy,amnesty
trust,amortization
anticipation,amour
disgust,amphetamines
joy,amuse
joy,amused
joy,amusement
joy,amusing
disgust,anaconda
anticipation,analyst
anger,anarchism
anger,anarchist
anger,anarchy
anger,anathema
trust,ancestral
sadness,anchorage
anticipation,angel
joy,angelic
anger,anger
fear,angina
anticipation,angling
anger,angry
anger,anguish
joy,animated
anger,animosity
anger,animus
anger,annihilate
anger,annihilated
anger,annihilation
anticipation,announcement
anger,annoy
anger,annoyance
anger,annoying
sadness,annulment
fear,anomaly
trust,answerable
anger,antagonism
anger,antagonist
anger,antagonistic
disgust,anthrax
anger,antichrist
anticipation,anticipation
anticipation,anticipatory
anticipation,antidote
trust,antifungal
anger,antipathy
trust,antiseptic
anger,antisocial
anger,antithesis
anger,anxiety
anticipation,anxious
fear,apache
sadness,apathetic
sadness,apathy
disgust,aphid
trust,apologetic
sadness,apologize
trust,apostle
trust,apostolic
disgust,appalling
fear,apparition
anticipation,appeal
fear,appendicitis
joy,applause
anticipation,applicant
joy,appreciation
fear,apprehend
fear,apprehension
anticipation,apprehensive
trust,apprentice
anticipation,approaching
trust,approbation
joy,approve
trust,arbiter
anticipation,arbitration
trust,arbitrator
anticipation,archaeology
trust,architecture
anticipation,ardent
anger,argue
anger,argument
anger,argumentation
anger,arguments
sadness,arid
anger,armament
fear,armaments
anger,armed
fear,armor
fear,armored
trust,armory
anticipation,arouse
anger,arraignment
anticipation,arrival
anticipation,arrive
anger,arrogant
disgust,arsenic
anger,arson
anticipation,art
fear,artillery
disgust,ashamed
sadness,ashes
fear,asp
anticipation,aspiration
anticipation,aspire
anticipation,aspiring
anger,assail
anger,assailant
anger,assassin
anger,assassinate
anger,assassination
anger,assault
trust,assembly
trust,asserting
surprise,assessment
trust,assessor
anger,asshole
trust,assignee
trust,assist
trust,associate
trust,association
trust,assurance
trust,assure
trust,assured
trust,assuredly
surprise,astonishingly
joy,astonishment
fear,astray
anticipation,astrologer
anticipation,astronomer
fear,asylum
disgust,asymmetry
fear,atherosclerosis
anticipation,atone
anger,atrocious
anger,atrocity
disgust,atrophy
anger,attack
anger,attacking
anticipation,attainable
anticipation,attempt
anticipation,attendance
trust,attendant
trust,attentive
sadness,attenuation
trust,attest
trust,attestation
anger,attorney
anticipation,auction
anticipation,audience
fear,auditor
trust,aunt
anticipation,auspicious
fear,austere
joy,authentic
trust,authenticate
trust,authentication
trust,authenticity
trust,author
trust,authoritative
trust,authority
trust,authorization
trust,authorize
trust,automatic
disgust,autopsy
fear,avalanche
anger,avarice
anger,avenger
anger,averse
anger,aversion
fear,avoid
fear,avoidance
fear,avoiding
anticipation,await
anticipation,award
anger,awful
disgust,awkwardness
trust,axiom
trust,axiomatic
disgust,baboon
joy,baby
trust,babysitter
anger,backbone
trust,backer
disgust,backwards
sadness,backwater
disgust,bacteria
disgust,bacterium
anger,bad
trust,badge
anger,badger
sadness,badly
anger,badness
fear,bailiff
fear,bait
fear,bale
anticipation,ballot
anticipation,balm
anger,bane
anger,bang
anger,banger
anger,banish
anger,banished
anger,banishment
trust,bank
trust,banker
fear,bankrupt
anger,bankruptcy
anticipation,banquet
anger,banshee
joy,baptismal
anger,barb
fear,barbarian
anger,barbaric
disgust,barf
trust,bargain
anger,bark
sadness,barren
fear,barricade
anger,barrier
disgust,barrow
trust,bartender
trust,barter
trust,base
anticipation,basketball
disgust,bastard
anger,bastion
anger,battalion
anger,batter
fear,battered
anger,battery
anger,battle
anger,battled
fear,battlefield
anger,bayonet
joy,beach
joy,beam
anticipation,beaming
anger,bear
anger,bearish
anger,beast
disgust,beastly
anger,beating
joy,beautification
joy,beautiful
joy,beautify
joy,beauty
trust,bedrock
anger,bee
joy,beer
joy,befriend
sadness,beg
sadness,beggar
anticipation,begun
fear,behemoth
trust,believed
trust,believer
trust,believing
anger,belittle
anger,belligerent
anger,bellows
anger,belt
trust,benefactor
joy,benevolence
joy,benign
trust,bequest
sadness,bereaved
sadness,bereavement
anger,berserk
disgust,bestial
anger,betray
anger,betrayal
anticipation,betrothed
anticipation,beware
fear,bewildered
fear,bewilderment
anger,bias
anger,bickering
anticipation,biennial
fear,bier
anger,bigot
anger,bigoted
anger,bile
fear,biopsy
anger,birch
anticipation,birth
anticipation,birthday
anger,birthplace
anger,bitch
anger,bitterly
anger,bitterness
surprise,bizarre
sadness,black
anger,blackmail
fear,blackness
anger,blame
trust,blanket
anger,blasphemous
anger,blasphemy
anger,blast
anger,blatant
anger,blaze
sadness,bleak
disgust,bleeding
anger,blemish
anticipation,bless
joy,blessed
anticipation,blessing
anticipation,blessings
disgust,blight
disgust,blighted
anticipation,blindfold
sadness,blindly
sadness,blindness
joy,bliss
joy,blissful
disgust,blister
surprise,blitz
disgust,bloated
disgust,blob
anger,blockade
anger,bloodshed
anger,bloodthirsty
anger,bloody
anticipation,bloom
joy,blossom
sadness,blue
fear,blues
disgust,blunder
anticipation,board
trust,bodyguard
anger,bogus
disgust,boil
anger,boisterous
anger,bomb
anger,bombard
anger,bombardment
disgust,bombed
fear,bomber
joy,bonanza
fear,bondage
anticipation,bonus
anticipation,boomerang
sadness,boredom
anger,bothering
sadness,bottom
fear,bottomless
anticipation,bountiful
anticipation,bounty
joy,bouquet
anger,bout
disgust,bovine
disgust,bowels
anger,boxing
disgust,boy
disgust,bran
anger,brawl
anger,brazen
surprise,break
sadness,breakup
disgust,bribery
anticipation,bridal
anticipation,bride
anticipation,bridegroom
joy,bridesmaid
fear,brigade
joy,brighten
anticipation,brilliant
anger,brimstone
anticipation,broadside
anger,broil
fear,broke
anger,broken
disgust,brothel
trust,brother
trust,brotherhood
anticipation,brotherly
anticipation,bruise
anger,brunt
anger,brutal
anger,brutality
anger,brute
fear,buck
anticipation,buddy
trust,budget
anger,buffet
disgust,bug
anger,bugaboo
anticipation,bugle
anger,bully
disgust,bum
anger,bummer
fear,bunker
fear,burdensome
trust,bureaucracy
disgust,bureaucrat
disgust,burglar
anger,burial
fear,buried
anger,burke
surprise,burlesque
disgust,burnt
trust,bursary
sadness,bury
joy,buss
anger,busted
anger,butcher
trust,butler
anticipation,buzz
anticipation,bye
trust,bylaw
fear,cabal
trust,cabinet
surprise,cable
anger,cacophony
anger,cad
disgust,cadaver
sadness,cage
sadness,calamity
anticipation,calculation
trust,calculator
joy,calf
anger,callous
anticipation,calls
surprise,camouflage
surprise,camouflaged
anger,campaigning
sadness,cancel
anger,cancer
anticipation,candid
anger,cane
anger,canker
disgust,cannibal
disgust,cannibalism
anger,cannon
trust,canons
anticipation,cap
anticipation,captivate
fear,captive
sadness,captivity
fear,captor
disgust,carcass
fear,carcinoma
fear,cardiomyopathy
anticipation,career
anger,carelessness
trust,caretaker
disgust,caries
anger,carnage
fear,carnivorous
joy,carol
fear,cartridge
fear,case
anger,cash
trust,cashier
fear,casket
anger,casualty
anticipation,cataract
anger,catastrophe
surprise,catch
disgust,catechism
joy,cathedral
anger,caution
fear,cautionary
anticipation,cautious
fear,cautiously
anticipation,celebrated
anticipation,celebrating
anticipation,celebration
anger,celebrity
anticipation,celestial
anticipation,cement
fear,cemetery
anger,censor
trust,center
joy,ceremony
trust,certify
disgust,cess
anger,chaff
disgust,chagrin
trust,chairman
trust,chairwoman
anger,challenge
anticipation,champion
surprise,chance
trust,chancellor
fear,change
anticipation,changeable
anger,chant
anger,chaos
anger,chaotic
trust,chaplain
fear,chargeable
anticipation,charitable
joy,charity
joy,charmed
trust,chart
fear,chasm
anticipation,chastity
anger,cheat
trust,checklist
anticipation,cheer
joy,cheerful
anticipation,cheerfulness
joy,cheering
anticipation,cheery
trust,chemist
anticipation,cherish
anticipation,chicane
fear,chicken
anticipation,child
joy,childhood
fear,chimera
joy,chirp
anticipation,chocolate
joy,choir
anger,choke
disgust,cholera
joy,choral
sadness,chronic
trust,chronicle
anticipation,chuckle
anticipation,church
trust,civilization
joy,civilized
anger,claimant
anger,clamor
trust,clan
anticipation,clap
anger,clash
anger,clashing
joy,classics
anger,claw
joy,clean
trust,clearance
fear,cleave
trust,clerical
fear,cliff
anticipation,climax
anticipation,clock
joy,closeness
anticipation,closure
sadness,clouded
fear,cloudiness
sadness,cloudy
anticipation,clown
anticipation,clue
disgust,clumsy
trust,coach
trust,coalesce
trust,coax
fear,cobra
sadness,cocaine
anger,coerce
anger,coercion
trust,coexist
trust,coexisting
fear,coffin
trust,cogent
trust,cohesion
trust,cohesive
surprise,coincidence
anger,coldness
trust,collaborator
disgust,collapse
trust,collateral
trust,collectively
anger,collision
anger,collusion
trust,colonel
fear,coma
fear,comatose
anger,combat
anger,combatant
anger,combative
anticipation,comfort
anticipation,coming
trust,commandant
trust,commanding
anticipation,commemorate
anticipation,commemoration
anticipation,commemorative
joy,commendable
trust,commerce
trust,commission
sadness,committal
trust,committed
trust,committee
trust,commodore
anticipation,commonplace
trust,commonwealth
anger,commotion
trust,communicate
trust,communication
joy,communion
anger,communism
trust,compact
joy,companion
trust,compass
fear,compassion
anticipation,compensate
trust,competence
trust,competency
trust,competent
anticipation,competition
anger,complain
anger,complaint
anticipation,complement
anticipation,completing
anticipation,completion
trust,compliance
anger,complicate
anticipation,compliment
disgust,compost
anger,compress
trust,comptroller
anger,compulsion
trust,comrade
sadness,conceal
anticipation,concealed
anger,concealment
fear,concerned
joy,conciliation
trust,concord
trust,concordance
anger,concussion
anger,condemn
anger,condemnation
anger,condescension
sadness,condolence
trust,confederate
trust,confess
anticipation,confession
fear,confessional
trust,confide
fear,confidence
joy,confident
trust,confidential
trust,confidentially
anger,confine
anger,confined
anger,confinement
trust,confirmation
trust,confirmed
anger,confiscate
anger,conflagration
anger,conflict
trust,conformity
anger,confront
anger,confusion
trust,conglomerate
joy,congratulatory
trust,congregation
disgust,congress
trust,congressman
trust,congruence
anticipation,conjecture
anticipation,conjure
trust,connective
joy,connoisseur
anger,conquest
trust,conscience
trust,conscientious
anticipation,consecration
anticipation,consequent
anticipation,conservation
trust,considerate
trust,consistency
sadness,console
trust,consort
fear,conspiracy
anger,conspirator
fear,conspire
trust,constable
trust,constancy
trust,constant
trust,constantly
anger,consternation
disgust,constipation
trust,constitute
trust,constitutional
fear,constrain
anger,constraint
trust,consul
trust,consult
anticipation,contagion
disgust,contagious
disgust,contaminate
disgust,contaminated
disgust,contamination
anger,contempt
anger,contemptible
anger,contemptuous
joy,content
anger,contentious
anticipation,contingent
anticipation,continuation
anticipation,continue
anger,contraband
anger,contradict
trust,contributor
anger,controversial
trust,convent
anticipation,convergence
trust,conveyancing
anger,convict
anticipation,convince
trust,convinced
trust,convincing
anger,coop
trust,cooperating
trust,cooperation
trust,cooperative
fear,cop
anger,copycat
joy,coronation
trust,corporation
disgust,corpse
trust,correctness
anticipation,correspondence
trust,corroborate
trust,corroboration
fear,corrosive
anger,corrupting
disgust,corruption
sadness,corse
trust,cosmopolitan
sadness,couch
disgust,cough
anticipation,council
trust,counsel
anger,counsellor
trust,counselor
trust,count
anticipation,countdown
trust,countryman
trust,county
anger,coup
fear,courageous
trust,courier
anger,court
anticipation,courtship
anticipation,cove
trust,covenant
trust,cover
disgust,coward
fear,cowardice
fear,cowardly
fear,coy
fear,coyote
anger,crabby
anger,cracked
anticipation,cradle
anticipation,cramp
anger,cranky
disgust,crap
anticipation,craps
fear,crash
anticipation,crave
anticipation,craving
disgust,crawl
anger,crazed
anger,crazy
anticipation,cream
joy,create
disgust,creature
trust,credence
trust,credential
trust,credibility
trust,credible
trust,credit
trust,creditable
anticipation,creeping
sadness,cremation
anticipation,crescendo
trust,crew
anger,crime
anger,criminal
anger,criminality
disgust,cringe
fear,cripple
sadness,crippled
trust,crisp
anger,criticism
anger,criticize
disgust,critter
fear,crocodile
anger,cross
fear,crouch
fear,crouching
anticipation,crowning
trust,crucial
anger,crucifixion
disgust,crude
anger,cruel
anger,cruelly
anger,cruelty
sadness,crumbling
anger,crunch
anger,crusade
anger,crushed
anger,crushing
disgust,crusty
sadness,cry
sadness,crying
fear,crypt
trust,cube
disgust,cuckold
joy,cuddle
anticipation,cue
trust,culinary
fear,cult
anticipation,cultivate
sadness,cumbersome
disgust,cupping
anger,cur
trust,curable
anticipation,curiosity
anger,curse
anger,cursed
anger,cursing
anger,cussed
trust,custodian
trust,custody
fear,cutter
anger,cutthroat
anger,cutting
fear,cyanide
fear,cyclone
fear,cyst
disgust,cystic
sadness,cytomegalovirus
anger,dabbling
anger,daemon
disgust,daft
fear,dagger
anticipation,daily
anger,damage
sadness,damages
anger,dame
anger,damn
anger,damnation
joy,dance
disgust,dandy
fear,danger
fear,dangerous
disgust,dank
anticipation,dare
sadness,dark
fear,darken
fear,darkened
anger,darkness
joy,darling
fear,dart
anger,dashed
anger,dastardly
joy,daughter
anticipation,dawn
trust,deacon
anger,deadly
anticipation,deal
trust,dealings
anger,death
fear,debacle
disgust,debauchery
anticipation,debenture
disgust,debris
sadness,debt
fear,decay
disgust,decayed
sadness,deceased
anger,deceit
disgust,deceitful
anger,deceive
anger,deceived
trust,deceiving
disgust,decompose
sadness,decomposed
disgust,decomposition
surprise,decoy
anger,decry
trust,deed
disgust,defamation
anger,defamatory
disgust,default
sadness,defeated
anger,defect
fear,defection
disgust,defective
fear,defend
anger,defendant
trust,defended
trust,defender
anger,defense
fear,defenseless
trust,deference
anger,defiance
anger,defiant
trust,definitive
anger,deflate
fear,deflation
disgust,deform
disgust,deformed
disgust,deformity
anger,defraud
sadness,defunct
anger,defy
anger,degeneracy
disgust,degrade
disgust,degrading
anger,delay
trust,delegate
anger,deleterious
joy,delicious
anticipation,delight
anticipation,delighted
anticipation,delightful
anger,delinquent
sadness,delirious
disgust,delirium
anticipation,deliverance
anticipation,delivery
fear,deluge
anger,delusion
anger,delusional
anger,demand
fear,demented
fear,dementia
fear,demise
anger,demolish
anger,demon
anger,demonic
joy,demonstrative
fear,demoralized
sadness,denied
anger,denounce
fear,dentistry
anger,denunciation
anger,deny
anticipation,denying
anticipation,depart
sadness,departed
sadness,departure
anticipation,depend
fear,dependence
trust,dependent
anger,deplorable
anger,deplore
fear,deport
anger,deportation
trust,depository
anger,depraved
anger,depravity
anger,depreciate
anger,depreciated
fear,depreciation
fear,depress
anger,depressed
disgust,depressing
sadness,depression
sadness,depressive
anger,deprivation
trust,depth
trust,deputy
anger,deranged
anger,derision
trust,dermatologist
anger,derogation
anger,derogatory
fear,descent
anger,desecration
anger,desert
anger,deserted
anger,deserve
trust,designation
anger,desist
fear,desolation
anger,despair
fear,despairing
anger,despicable
anger,despise
fear,despotic
anger,despotism
anticipation,destination
anticipation,destined
fear,destitute
anger,destroyed
anger,destroyer
anger,destroying
anger,destruction
anger,destructive
anger,detainee
sadness,detention
fear,deteriorate
disgust,deteriorated
anger,deterioration
anticipation,determinate
trust,determination
anger,detest
fear,detonate
anger,detonation
anger,detract
anger,devastate
anger,devastating
anger,devastation
anticipation,develop
sadness,deviation
anger,devil
disgust,devilish
trust,devotional
anticipation,devout
anger,diabolical
anticipation,diagnosis
joy,diamond
disgust,diaper
disgust,diarrhoea
joy,diary
anger,diatribe
fear,dictator
anger,dictatorial
anger,dictatorship
trust,dictionary
trust,dictum
fear,die
anticipation,dietary
trust,differential
surprise,differently
fear,difficult
sadness,difficulties
anger,difficulty
trust,digit
trust,dignity
anticipation,digress
fear,dike
disgust,dilapidated
trust,diligence
sadness,diminish
fear,dinosaur
anticipation,diplomacy
trust,diplomatic
disgust,dire
trust,director
disgust,dirt
disgust,dirty
sadness,disability
fear,disable
fear,disabled
anger,disagree
anger,disagreeing
anger,disagreement
anger,disallowed
fear,disappear
anger,disappoint
anger,disappointed
sadness,disappointing
disgust,disappointment
sadness,disapproval
anger,disapprove
anger,disapproved
anger,disapproving
anger,disaster
anger,disastrous
trust,disciple
fear,discipline
anger,disclaim
trust,disclosed
disgust,discoloration
disgust,discolored
sadness,discomfort
sadness,disconnect
sadness,disconnected
anger,discontent
disgust,discontinuity
anger,discord
fear,discourage
anticipation,discreet
anticipation,discretion
anger,discriminate
disgust,discriminating
anger,discrimination
anger,disdain
anger,disease
disgust,diseased
fear,disembodied
anger,disfigured
anger,disgrace
anger,disgraced
anger,disgraceful
anger,disgruntled
anger,disgust
anger,disgusting
sadness,disheartened
sadness,disheartening
anger,dishonest
disgust,dishonesty
anger,dishonor
anger,disillusionment
anger,disinformation
disgust,disingenuous
disgust,disintegrate
anger,dislike
anger,disliked
anger,dislocated
disgust,dismal
anger,dismay
disgust,dismemberment
anger,dismissal
anger,disobedience
anger,disobedient
anger,disobey
fear,disorder
anger,disparage
anger,disparaging
anger,disparity
sadness,dispassionate
sadness,dispel
anger,displaced
anger,displeased
disgust,displeasure
disgust,dispose
anticipation,disposed
anger,dispossessed
anger,dispute
anger,disqualified
sadness,disqualify
disgust,disregarded
anger,disreputable
anger,disrespect
anger,disrespectful
anger,disruption
disgust,dissection
anger,dissension
anger,disservice
anger,dissident
anger,dissolution
anger,dissonance
disgust,distaste
disgust,distasteful
disgust,distorted
anger,distracted
anger,distracting
sadness,distraught
anger,distress
fear,distressed
anger,distressing
anger,distrust
anger,disturbance
anger,disturbed
anger,disused
joy,ditty
trust,divan
surprise,divergent
surprise,diversion
anticipation,divination
anger,divorce
trust,doctor
trust,doctrine
trust,dogma
sadness,doldrums
sadness,dole
joy,doll
sadness,dolor
joy,dolphin
fear,dominant
anger,dominate
anger,domination
fear,dominion
trust,don
disgust,donkey
fear,doom
fear,doomed
anger,doomsday
fear,doubt
trust,doubtless
anticipation,dove
fear,downfall
trust,downright
sadness,drab
anticipation,draft
fear,dragon
anticipation,dread
anger,dreadful
disgust,dreadfully
sadness,dreary
disgust,drivel
disgust,drool
fear,drown
sadness,drugged
disgust,drunken
fear,dubious
anger,duel
sadness,dull
anger,dumps
disgust,dung
fear,dungeon
anger,dupe
anger,duplicity
trust,durability
trust,durable
anger,duress
anticipation,dutiful
fear,dwarfed
anger,dying
surprise,dynamic
disgust,dysentery
anticipation,eager
anticipation,eagerness
trust,eagle
anger,earthquake
trust,economy
anticipation,ecstasy
anticipation,ecstatic
fear,edict
anticipation,edification
anticipation,edition
trust,educational
fear,eel
trust,effective
anticipation,efficient
anger,effigy
disgust,egotistical
anger,egregious
anticipation,ejaculation
joy,elated
anger,elbow
trust,elder
trust,elders
trust,elect
trust,electorate
joy,electric
anticipation,elegance
joy,elegant
anticipation,elevation
anger,elf
anger,elimination
anticipation,elite
trust,elucidate
surprise,elusive
fear,emaciated
anticipation,emancipation
sadness,embarrass
fear,embarrassment
fear,embolism
anticipation,embrace
fear,emergency
trust,eminence
trust,emphasize
trust,employ
sadness,emptiness
trust,enable
trust,enablement
anticipation,enchant
joy,enchanted
anticipation,enchanting
joy,encourage
fear,encroachment
anger,encumbrance
trust,encyclopedia
anticipation,endanger
fear,endangered
anticipation,endeavor
disgust,endemic
anger,endless
fear,endocarditis
trust,endow
trust,endowment
disgust,enema
anger,enemy
anger,enforce
anticipation,engaged
joy,engaging
anticipation,engulf
fear,enigmatic
anticipation,enjoy
anticipation,enjoying
joy,enlighten
joy,enlightenment
joy,enliven
anger,enmity
anticipation,enroll
trust,ensemble
anger,enslaved
anger,entangled
joy,entertain
joy,entertained
anticipation,entertaining
anticipation,entertainment
anticipation,enthusiasm
anticipation,enthusiast
disgust,entrails
trust,entrust
anger,epidemic
trust,episcopal
sadness,epitaph
joy,equality
anger,eradicate
anger,eradication
fear,erase
anticipation,erotic
anticipation,errand
surprise,erratic
sadness,error
anger,erupt
anger,eruption
anger,escalate
anticipation,escape
fear,escaped
anger,eschew
trust,escort
trust,establish
joy,established
joy,esteem
fear,ethereal
fear,euthanasia
fear,evacuate
anger,evade
sadness,evanescence
fear,evasion
anticipation,eventual
anticipation,eventuality
joy,evergreen
sadness,evict
anger,eviction
trust,evident
anger,evil
anger,exacerbation
anger,exaggerate
anticipation,exalt
joy,exaltation
joy,exalted
fear,examination
anger,exasperation
anticipation,excavation
anticipation,exceed
anticipation,excel
disgust,excellence
joy,excellent
trust,exchange
anger,excitation
anger,excite
anticipation,excited
anticipation,excitement
anticipation,exciting
surprise,exclaim
disgust,excluded
sadness,excluding
disgust,exclusion
disgust,excrement
disgust,excretion
fear,excruciating
anger,execution
anger,executioner
trust,executor
sadness,exhausted
anticipation,exhaustion
trust,exhaustive
joy,exhilaration
anticipation,exigent
anger,exile
fear,exorcism
anticipation,expect
anticipation,expectancy
anticipation,expectant
anticipation,expectation
anticipation,expected
anticipation,expecting
joy,expedient
anticipation,expedition
anger,expel
trust,experienced
anticipation,experiment
trust,expert
trust,expertise
sadness,expire
trust,explain
anger,expletive
anger,explode
anticipation,explore
fear,explosion
anger,explosive
anticipation,expose
anger,expulsion
joy,exquisite
fear,exterminate
anger,extermination
sadness,extinct
anger,extinguish
fear,extrajudicial
anticipation,extricate
joy,exuberance
trust,eyewitness
trust,fabrication
trust,fact
trust,facts
trust,faculty
disgust,faeces
anger,failing
disgust,failure
anticipation,fain
fear,fainting
trust,fairly
anticipation,faith
trust,faithful
sadness,faithless
sadness,fall
anger,fallacious
sadness,falling
anger,falsehood
anger,falsification
disgust,falsify
disgust,falsity
fear,falter
trust,familiar
anticipation,familiarity
sadness,famine
fear,fanaticism
anticipation,fancy
anticipation,fanfare
fear,fang
fear,fangs
disgust,farcical
anticipation,farm
sadness,fasting
disgust,fat
anger,fatal
fear,fatality
anticipation,fate
trust,father
sadness,fatigued
disgust,fatty
sadness,fault
trust,faultless
anticipation,favorable
joy,favorite
anger,fear
fear,fearful
fear,fearfully
fear,fearing
fear,fearless
anticipation,feat
disgust,fecal
disgust,feces
anger,fee
sadness,feeble
anger,feeling
joy,felicity
sadness,fell
trust,fellow
fear,felon
anger,fenced
trust,fender
anticipation,ferment
anticipation,fermentation
anger,ferocious
anger,ferocity
anger,fervor
anticipation,festival
joy,festive
anticipation,fete
anger,feud
anger,feudalism
fear,fever
anger,fib
joy,fidelity
anger,fiend
anger,fierce
anticipation,fiesta
anger,fight
anger,fighting
trust,fill
disgust,filth
disgust,filthy
anticipation,finally
fear,fire
anger,firearms
trust,fireman
trust,firmness
anticipation,firstborn
anger,fits
anticipation,fitting
trust,fixed
disgust,flabby
sadness,flaccid
anger,flagrant
trust,flagship
trust,flange
joy,flattering
disgust,flatulence
sadness,flaw
disgust,flea
fear,fled
fear,flee
anger,fleece
disgust,flesh
anticipation,flinch
anticipation,flirt
anger,flog
fear,flood
disgust,flop
fear,flounder
fear,flu
anger,fluctuation
surprise,fluke
fear,flying
anger,foe
trust,follower
joy,fondness
joy,food
disgust,fool
anticipation,football
trust,footing
anger,foray
sadness,forbid
anger,forbidding
anger,force
fear,forced
anger,forcibly
anger,forearm
anticipation,foreboding
anticipation,forecast
fear,foreclose
joy,forefathers
fear,foreigner
anticipation,foresee
anticipation,foreseen
anticipation,foresight
anticipation,forewarned
anger,forfeit
fear,forfeiture
trust,forgiving
fear,forgotten
sadness,forlorn
trust,formality
trust,formative
fear,formidable
anticipation,forming
trust,formula
sadness,forsake
anger,forsaken
trust,fort
joy,fortitude
fear,fortress
anticipation,fortune
anger,foul
joy,found
fear,fragile
sadness,frailty
trust,framework
trust,frank
trust,frankness
anticipation,frantic
joy,fraternal
anger,fraud
anger,fraudulent
fear,fraught
sadness,frayed
disgust,freakish
joy,freedom
joy,freely
anger,frenetic
anger,frenzied
fear,fret
anger,friction
joy,friend
joy,friendliness
anticipation,friendly
joy,friendship
fear,frigate
fear,fright
fear,frighten
fear,frightened
anger,frightful
anticipation,frisky
joy,frolic
sadness,frown
anger,frowning
sadness,fruitless
anger,frustrate
anger,frustrated
anger,frustration
anger,fugitive
joy,fulfill
anticipation,fulfillment
trust,fully
anger,fuming
anticipation,fun
trust,fundamental
sadness,funeral
disgust,fungus
sadness,funk
anger,furious
anger,furiously
anger,furnace
anger,furor
sadness,furrow
anger,fury
trust,fuse
anger,fuss
disgust,fussy
sadness,futile
disgust,gaby
disgust,gag
trust,gage
anticipation,gain
anger,gall
anger,gallows
anticipation,gambler
anticipation,gambling
anger,gang
surprise,gape
disgust,garbage
joy,garden
disgust,garish
trust,garrison
fear,gash
surprise,gasp
fear,gasping
trust,gate
trust,gateway
trust,gauging
surprise,gawk
trust,gazette
disgust,gelatin
joy,gem
trust,general
anticipation,generosity
joy,generous
joy,genial
anger,gent
trust,gentleman
trust,gentry
trust,genuine
sadness,geriatric
anticipation,germ
anticipation,germination
disgust,ghastly
disgust,ghetto
fear,ghost
fear,ghostly
fear,giant
anger,gibberish
anticipation,gift
joy,giggle
trust,girder
anticipation,glad
fear,gladiator
joy,gladness
anger,glare
anger,glaring
joy,glee
anticipation,glide
anticipation,glimmer
disgust,glitter
sadness,gloom
sadness,gloomy
joy,glorification
anticipation,glorify
anticipation,glory
anticipation,glow
sadness,glum
disgust,glut
disgust,gluttony
anger,gnome
disgust,gob
disgust,goblin
anticipation,god
anger,godless
joy,godly
joy,godsend
anger,gonorrhea
disgust,goo
anticipation,good
anticipation,goodness
anger,gore
disgust,gorge
joy,gorgeous
anger,gory
trust,gospel
trust,govern
trust,governess
fear,government
trust,governor
anger,grab
anticipation,gradual
anticipation,graduation
trust,grammar
anticipation,grandchildren
trust,grandfather
anticipation,grant
anticipation,grasping
anger,grated
joy,gratify
anger,grating
joy,gratitude
disgust,gratuitous
fear,grave
anticipation,gravitate
disgust,gray
disgust,greasy
joy,greatness
anger,greed
disgust,greedy
joy,green
surprise,greeting
fear,grenade
sadness,grief
anger,grievance
fear,grieve
anger,grievous
anger,grim
disgust,grime
disgust,grimy
anticipation,grin
disgust,grisly
trust,grit
fear,grizzly
disgust,groan
anger,grope
disgust,gross
disgust,grotesque
trust,ground
fear,grounded
anticipation,grow
anger,growl
anger,growling
anger,grudge
disgust,gruesome
anger,gruff
anger,grumble
anger,grumpy
trust,guarantee
fear,guard
trust,guarded
trust,guardian
trust,guardianship
trust,gubernatorial
fear,guerilla
surprise,guess
trust,guidance
trust,guide
trust,guidebook
anger,guillotine
disgust,guilt
anger,guilty
sadness,gullible
fear,gulp
anger,gun
fear,gunpowder
trust,guru
disgust,gush
trust,gusset
disgust,gut
disgust,gutter
anticipation,habitual
disgust,hag
sadness,haggard
trust,hail
disgust,hairy
fear,hallucination
anger,halter
fear,halting
anger,hamstring
trust,handbook
sadness,handicap
anger,hanging
fear,hangman
anticipation,hankering
anticipation,hap
anticipation,happen
joy,happily
anticipation,happiness
anticipation,happy
anger,harass
anger,harassing
anger,harbinger
trust,harbor
anger,hardened
sadness,hardship
joy,hardy
disgust,harlot
fear,harm
anger,harmful
joy,harmoniously
joy,harmony
fear,harrowing
anger,harry
anger,harshness
anticipation,harvest
anticipation,haste
anger,hate
anger,hateful
anger,hating
anger,hatred
anger,haughty
fear,haunt
fear,haunted
trust,haven
anger,havoc
fear,hawk
fear,hazard
fear,hazardous
fear,haze
anticipation,headlight
joy,heal
anticipation,healing
joy,healthful
fear,hearing
fear,hearse
sadness,heartache
joy,heartfelt
joy,heartily
sadness,heartless
disgust,heartworm
fear,heathen
anticipation,heavenly
joy,heavens
joy,hedonism
anticipation,heft
fear,heighten
anger,hell
anger,hellish
fear,helmet
trust,helper
joy,helpful
fear,helpless
fear,helplessness
disgust,hemorrhage
disgust,heretic
trust,heritage
surprise,hermaphrodite
sadness,hermit
anticipation,hero
joy,heroic
trust,heroine
anticipation,heroism
disgust,herpes
disgust,herpesvirus
fear,hesitation
anticipation,heyday
fear,hide
disgust,hideous
fear,hiding
anticipation,highest
joy,hilarious
joy,hilarity
sadness,hindering
anticipation,hire
anger,hiss
anger,hit
sadness,hoary
anger,hoax
joy,hobby
sadness,hobo
disgust,hog
anticipation,holiday
anticipation,holiness
sadness,hollow
anger,holocaust
anger,homeless
sadness,homesick
fear,homework
anger,homicidal
anger,homicide
anger,honest
trust,honesty
anticipation,honeymoon
trust,honor
trust,honorable
anger,hood
fear,hooded
anger,hoot
anticipation,hope
anticipation,hopeful
fear,hopeless
anger,hopelessness
surprise,horde
anticipation,horizon
anticipation,horoscope
anger,horrible
anger,horrid
anger,horrific
fear,horrified
disgust,horrifying
anger,horror
fear,horrors
trust,horse
sadness,hospice
fear,hospital
anger,hostage
anger,hostile
anger,hostilities
anger,hostility
anger,hot
anger,howl
anger,huff
joy,hug
disgust,hulk
anticipation,humanitarian
joy,humanity
disgust,humble
sadness,humbled
anger,humbug
anger,humiliate
disgust,humiliating
disgust,humiliation
trust,humility
joy,humorous
anticipation,hungry
anticipation,hunter
anger,hunting
joy,hurrah
fear,hurricane
anticipation,hurried
anticipation,hurry
anger,hurt
anger,hurtful
anger,hurting
trust,husbandry
sadness,hut
fear,hydra
disgust,hydrocephalus
anticipation,hymn
anticipation,hype
disgust,hypertrophy
disgust,hypocrite
disgust,hypocritical
anticipation,hypothesis
fear,hysteria
anger,hysterical
anger,idiocy
disgust,idiot
anger,idiotic
disgust,idolatry
disgust,ignorant
anger,ill
anger,illegal
anger,illegality
anger,illegitimate
anger,illicit
disgust,illiterate
fear,illness
anticipation,illuminate
joy,illumination
surprise,illusion
joy,immaculate
anticipation,immature
anger,immaturity
surprise,immediacy
anticipation,immediately
anticipation,immerse
fear,immigrant
anticipation,imminent
anger,immoral
anger,immorality
anticipation,immortality
trust,immovable
trust,immunization
trust,impart
trust,impartial
trust,impartiality
anticipation,impatient
disgust,impeach
trust,impeccable
anticipation,impending
trust,impenetrable
anger,impermeable
anger,implicate
disgust,impolite
anticipation,importance
trust,important
sadness,impossible
anger,impotence
trust,impressionable
anger,imprisoned
anger,imprisonment
anticipation,improve
joy,improvement
surprise,improvisation
anticipation,improvise
sadness,imprudent
disgust,impure
disgust,impurity
sadness,inability
sadness,inadequate
anger,inadmissible
anger,inappropriate
anger,inattention
anticipation,inaugural
anticipation,inauguration
anger,incarceration
anger,incase
anger,incendiary
anger,incense
anger,incest
disgust,incestuous
surprise,incident
anger,incite
trust,incline
trust,inclusion
anticipation,income
anger,incompatible
anger,incompetent
anger,incongruous
sadness,inconsequential
anger,inconsiderate
surprise,incontinence
anger,inconvenient
anger,incredulous
fear,incrimination
disgust,incubus
anger,incurable
fear,incursion
anger,indecency
disgust,indecent
fear,indefensible
trust,indelible
trust,indemnity
trust,indent
anger,indenture
anticipation,independence
trust,indestructible
anger,indict
fear,indictment
anger,indifference
sadness,indigent
anger,indignant
anger,indignation
trust,indivisible
anger,indoctrination
fear,indomitable
disgust,ineffectual
disgust,inefficiency
sadness,inefficient
anger,inept
disgust,ineptitude
anger,inequality
anger,inexcusable
surprise,inexplicable
trust,infallibility
anger,infamous
sadness,infamy
anticipation,infant
anger,infanticide
anger,infantile
fear,infarct
disgust,infect
fear,infection
disgust,infectious
sadness,inferior
anger,inferno
sadness,infertility
disgust,infestation
anger,infidel
anger,infidelity
anticipation,infinity
fear,infirmity
fear,inflation
anger,inflict
fear,infliction
trust,influential
trust,inform
anger,infraction
surprise,infrequent
anticipation,inheritance
anger,inhibit
sadness,inhospitable
anger,inhuman
sadness,inhumanity
anger,inimical
trust,inimitable
disgust,iniquity
fear,injection
anger,injure
fear,injured
anger,injurious
anger,injury
anger,injustice
disgust,inmate
trust,innocent
anticipation,inoculation
anger,inoperative
anticipation,inquiry
anger,insane
anger,insanity
anger,insecure
fear,insecurity
joy,inseparable
anger,insidious
anger,insignificant
fear,insolvency
fear,insolvent
anticipation,inspiration
anticipation,inspire
joy,inspired
disgust,instability
anticipation,install
anger,instinctive
trust,institute
trust,instruct
trust,instruction
anticipation,instructions
anticipation,instructor
anger,insufficiency
trust,insulation
anger,insult
anger,insulting
trust,insure
fear,insurmountable
anger,insurrection
trust,intact
trust,integrity
fear,intelligence
trust,intelligent
trust,intend
anticipation,intended
anger,intense
sadness,inter
fear,intercede
trust,intercession
disgust,interested
anticipation,interim
disgust,interior
sadness,interment
anger,interminable
anticipation,intermission
fear,interrogate
fear,interrogation
anger,interrupt
sadness,interrupted
sadness,intervention
fear,interviewer
disgust,intestinal
anticipation,intimate
anticipation,intimately
fear,intimidate
anger,intimidation
anger,intolerable
anger,intolerance
anger,intolerant
disgust,intoxicated
anger,intractable
anticipation,intrigue
anger,intruder
fear,intrusion
anger,intrusive
trust,intuition
anticipation,intuitively
anger,invade
anger,invader
sadness,invalid
anger,invasion
anticipation,investigation
anticipation,invitation
anticipation,invite
anticipation,inviting
anticipation,invocation
anticipation,invoke
anger,involution
anger,involvement
anger,irate
anger,ire
fear,iris
trust,iron
disgust,irrational
anger,irreconcilable
trust,irrefutable
fear,irreparable
anger,irritability
anger,irritable
anger,irritating
anger,irritation
sadness,isolate
fear,isolated
sadness,isolation
anger,jab
anticipation,jackpot
fear,jail
disgust,janitor
fear,jarring
fear,jaundice
fear,jaws
anger,jealous
anger,jealousy
anger,jeopardize
anticipation,jeopardy
anger,jerk
joy,jest
disgust,john
joy,joker
surprise,jolt
trust,journalism
anticipation,journey
trust,journeyman
joy,jovial
joy,joy
joy,joyful
joy,joyous
joy,jubilant
joy,jubilee
surprise,judgment
anticipation,judicial
anticipation,judiciary
trust,judicious
joy,jump
fear,jungle
sadness,jurisprudence
trust,jurist
trust,jury
trust,justice
trust,justifiable
sadness,kennel
fear,kerosene
fear,khan
anger,kick
anger,kicking
anger,kidnap
fear,kill
anger,killing
joy,kind
anticipation,kindred
anticipation,kiss
disgust,kite
joy,kitten
fear,knell
trust,knickers
joy,kudos
trust,label
anticipation,labor
sadness,labored
anticipation,labyrinth
anger,lace
anger,lagging
joy,lamb
disgust,lament
sadness,lamenting
trust,landmark
fear,landslide
fear,languishing
disgust,larceny
disgust,larger
trust,laser
anger,lash
sadness,late
anger,latent
disgust,latrines
joy,laugh
disgust,laughable
joy,laughing
anticipation,laughter
anticipation,launch
trust,laureate
joy,laurels
anger,lava
disgust,lavatory
trust,law
trust,lawful
anger,lawlessness
anger,lawsuit
anger,lawyer
sadness,lax
disgust,laxative
trust,leader
trust,leading
trust,leaning
sadness,leave
disgust,leeches
disgust,leer
surprise,leery
trust,legal
anger,legalized
trust,legislator
trust,legislature
trust,legitimacy
anticipation,leisure
disgust,lemon
trust,lender
disgust,leprosy
disgust,lesbian
anticipation,lessen
disgust,lesser
anticipation,lesson
disgust,lethal
sadness,lethargy
anticipation,letter
anticipation,lettered
anger,leukemia
trust,levee
trust,level
disgust,lewd
disgust,liar
anger,libel
anger,liberate
anticipation,liberation
anticipation,liberty
disgust,lick
anger,lie
trust,lieutenant
fear,lifeless
anger,lightning
joy,liking
anger,limited
fear,lines
anticipation,linger
trust,linguist
fear,lion
anger,liquor
sadness,listless
anger,litigate
anger,litigious
anger,livid
anger,loath
anger,loathe
disgust,loathing
anger,loathsome
anticipation,localize
fear,lockup
fear,locust
trust,lodging
sadness,lone
fear,loneliness
anger,lonely
sadness,lonesome
anticipation,long
anticipation,longing
disgust,loo
anticipation,loom
disgust,loon
disgust,lord
anger,lose
anger,losing
anger,loss
sadness,lost
anticipation,lottery
anger,loudness
disgust,louse
joy,lovable
joy,love
anticipation,lovely
joy,lovemaking
anticipation,lover
joy,loving
sadness,lower
sadness,lowest
sadness,lowly
fear,loyal
trust,loyalty
anticipation,luck
joy,lucky
anticipation,lull
disgust,lumpy
anger,lunacy
anger,lunatic
surprise,lunge
disgust,lurid
anticipation,luscious
disgust,lush
anticipation,lust
joy,luster
disgust,lusty
joy,luxurious
joy,luxury
anger,lying
anger,lynch
joy,lyre
joy,lyrical
fear,mace
trust,machine
anger,mad
anger,madden
anger,madman
anger,madness
fear,mafia
fear,mage
disgust,maggot
anticipation,magical
surprise,magician
trust,magnet
anticipation,magnificence
anticipation,magnificent
anticipation,mail
trust,mainstay
trust,maintenance
anticipation,majestic
trust,majesty
joy,majority
sadness,malaise
disgust,malaria
anger,malevolent
disgust,malfeasance
anger,malice
anger,malicious
anger,malign
fear,malignancy
anger,malignant
anger,malpractice
trust,mamma
trust,manage
trust,management
fear,mandamus
trust,mandarin
disgust,mange
anger,mangle
anger,maniac
fear,manifestation
anger,manipulation
anger,manslaughter
trust,manual
disgust,manure
sadness,margin
trust,marine
anticipation,marriage
joy,marrow
anticipation,marry
trust,marshal
anger,martial
fear,martyr
fear,martyrdom
surprise,marvel
joy,marvelous
joy,marvelously
anger,masochism
anger,massacre
joy,massage
joy,masterpiece
anger,mastery
anticipation,matchmaker
trust,mate
disgust,materialist
anticipation,maternal
trust,mathematical
anticipation,matrimony
trust,matron
sadness,mausoleum
trust,maxim
sadness,meaningless
disgust,measles
trust,measure
trust,measured
anticipation,medal
anger,meddle
anticipation,mediate
anticipation,mediator
anticipation,medical
anticipation,meditate
sadness,meek
sadness,melancholic
sadness,melancholy
fear,melee
anger,melodrama
sadness,meltdown
joy,memorable
sadness,memorials
anger,menace
anger,menacing
trust,mentor
fear,mercenary
trust,merchant
fear,merciless
anticipation,merge
trust,merit
joy,meritorious
joy,merriment
joy,merry
disgust,mess
trust,messenger
disgust,messy
trust,microscope
anticipation,midwife
anger,mighty
disgust,mildew
fear,military
anger,militia
anticipation,mill
surprise,mimicry
joy,ministry
anticipation,miracle
joy,miraculous
disgust,mire
joy,mirth
anger,misbehavior
fear,miscarriage
anger,misconception
disgust,misconduct
anger,miserable
sadness,miserably
anger,misery
fear,misfortune
disgust,misguided
disgust,mishap
anger,mislead
anger,misleading
anger,misplace
sadness,misrepresentation
anger,misrepresented
fear,missile
fear,missing
anger,misstatement
sadness,mistake
fear,mistaken
anger,mistress
disgust,mistrust
anger,misunderstanding
disgust,mite
fear,moan
trust,moat
anger,mob
anticipation,mobile
disgust,mockery
anger,mocking
trust,moderator
trust,modest
surprise,modify
anger,molestation
anticipation,momentum
anticipation,monetary
anger,money
trust,monk
disgust,monochrome
trust,monogamy
sadness,monsoon
fear,monster
anger,monstrosity
anger,moody
trust,moorings
anger,moral
trust,morality
anger,morals
sadness,morbid
anger,morbidity
disgust,morgue
sadness,moribund
anticipation,morn
anticipation,morrow
anger,mortality
fear,mortgage
trust,mortgagee
fear,mortgagor
anticipation,mortification
fear,mortuary
anger,mosque
anger,mosquito
anticipation,mother
joy,motherhood
anticipation,motion
anticipation,mountain
sadness,mourn
anger,mournful
sadness,mourning
surprise,mouth
disgust,mouthful
disgust,muck
disgust,mucous
disgust,mucus
disgust,muddy
anger,muff
anger,mug
anger,mule
fear,mum
anger,murder
anger,murderer
anger,murderous
disgust,murky
joy,music
anger,musical
fear,musket
disgust,musty
anticipation,mutable
disgust,mutilated
anger,mutilation
anger,mutiny
anger,mutter
fear,muzzle
anger,myopia
anticipation,mysterious
anticipation,mystery
surprise,mystic
surprise,nab
anger,nag
disgust,nameless
joy,nap
sadness,napkin
disgust,nappy
anticipation,nascent
anger,nasty
trust,nation
disgust,nausea
disgust,nauseous
anticipation,navigable
anticipation,navigator
sadness,necessity
disgust,nefarious
anger,negation
sadness,negative
anger,neglected
trust,negotiate
sadness,negro
anticipation,neighbor
anticipation,neighborhood
anger,nepotism
anticipation,nervous
fear,nervousness
trust,nest
trust,nestle
anger,nether
anger,nettle
anticipation,network
fear,neuralgia
fear,neurosis
disgust,neurotic
anticipation,neutral
trust,neutrality
fear,newcomer
disgust,nicotine
fear,nightmare
anticipation,nobility
trust,noble
trust,nobleman
anger,noisy
anger,noncompliance
sadness,nonsensical
sadness,noose
disgust,nose
joy,notable
trust,notary
sadness,nothingness
anticipation,notification
anger,notoriety
disgust,noxious
anger,nuisance
surprise,nullify
sadness,numbness
trust,nun
trust,nurse
joy,nursery
anger,nurture
sadness,nutritious
anticipation,oasis
trust,oath
trust,obedience
disgust,obese
disgust,obesity
fear,obey
disgust,obi
sadness,obit
sadness,obituary
anger,objection
anticipation,objective
trust,oblige
anger,obliging
fear,obligor
anger,obliterate
anger,obliterated
fear,obliteration
anger,oblivion
anger,obnoxious
disgust,obscene
anger,obscenity
anger,obstacle
trust,obstetrician
anger,obstruct
anger,obstructive
joy,obtainable
trust,obvious
surprise,occasional
disgust,occult
trust,occupant
disgust,octopus
disgust,oddity
anger,odious
anger,offend
anger,offended
anger,offender
anger,offense
anger,offensive
trust,offering
trust,officer
trust,official
anticipation,offset
disgust,ogre
sadness,older
anticipation,olfactory
anticipation,omen
anticipation,ominous
fear,omnipotence
trust,omniscient
anger,onerous
anticipation,ongoing
anticipation,onset
disgust,ooze
anger,opera
fear,operation
anger,opinionated
anger,opium
anger,opponent
joy,opportune
anticipation,opportunity
anger,opposed
anger,opposition
anger,oppress
anger,oppression
anger,oppressive
anger,oppressor
anticipation,optimism
trust,optimist
anticipation,oracle
anger,orc
anger,orchestra
trust,ordained
anger,ordeal
trust,ordinance
anticipation,ordination
fear,ordnance
anticipation,organ
anticipation,organization
anticipation,orgasm
surprise,originality
fear,orphan
trust,orthodoxy
anger,oust
anger,outburst
disgust,outcast
anger,outcry
anticipation,outdo
disgust,outhouse
fear,outpost
anger,outrage
surprise,outrageous
fear,outsider
joy,outstanding
sadness,ovation
anger,overbearing
anticipation,overdue
surprise,overestimate
joy,overjoyed
sadness,overload
anger,overpowering
anger,overpriced
fear,overt
anticipation,overthrow
anticipation,overture
sadness,overwhelmed
anger,owing
trust,pact
anticipation,paddle
fear,pain
fear,pained
anger,painful
sadness,painfully
surprise,palpable
disgust,palsy
fear,pandemic
surprise,pang
fear,panic
fear,parachute
anticipation,parade
anticipation,paragon
anger,paralysis
anger,paralyzed
fear,paranoia
disgust,parasite
anger,pare
trust,parietal
trust,parish
trust,parliament
anticipation,parole
disgust,parrot
trust,partake
sadness,parting
trust,partnership
anticipation,passenger
anticipation,passion
anticipation,passionate
joy,pastor
joy,pastry
disgust,pathetic
anticipation,patience
anticipation,patient
trust,patriarchal
trust,patrol
trust,patron
trust,patronage
anger,patter
anger,paucity
sadness,pauper
trust,pavement
trust,pawn
anticipation,pay
anger,payback
anticipation,peace
anticipation,peaceful
trust,pedigree
fear,penal
anger,penalty
fear,penance
anger,penetration
anger,penitentiary
sadness,pensive
trust,perceive
surprise,perchance
anger,perdition
trust,perennial
anticipation,perfect
anticipation,perfection
surprise,peri
anticipation,peril
anticipation,perilous
trust,periodicity
fear,perish
sadness,perished
fear,perishing
fear,perjury
anger,pernicious
anger,perpetrator
anticipation,perpetuate
anticipation,perpetuity
sadness,perplexity
anger,persecute
anger,persecution
trust,personal
disgust,perspiration
trust,persuade
trust,pertinent
fear,perturbation
anger,perverse
anger,perversion
anger,pervert
disgust,perverted
anger,pessimism
fear,pessimist
anger,pest
disgust,pestilence
disgust,petroleum
fear,phalanx
fear,phantom
trust,philanthropic
trust,philanthropist
trust,philosopher
disgust,phlegm
anger,phony
trust,physician
trust,physicist
anger,picket
anger,picketing
anticipation,picnic
joy,picturesque
disgust,pig
disgust,piles
trust,pill
anger,pillage
trust,pilot
disgust,pimple
sadness,pine
fear,pinion
disgust,pious
anger,pique
anger,pirate
anger,pitfall
trust,pith
sadness,pity
trust,pivot
surprise,placard
disgust,plagiarism
disgust,plague
sadness,plaintive
anticipation,plan
anticipation,planning
anger,playful
anticipation,playground
joy,playhouse
anticipation,plea
anticipation,pleasant
joy,pleased
joy,pleasurable
joy,pledge
anticipation,plight
fear,plummet
anticipation,plump
anger,plunder
fear,plunge
fear,pneumonia
anger,poaching
sadness,pointless
anger,poison
anger,poisoned
disgust,poisoning
anger,poisonous
anticipation,poke
surprise,polarity
anger,polemic
fear,police
fear,policeman
trust,policy
fear,polio
disgust,politic
anger,politics
trust,poll
disgust,pollute
disgust,pollution
disgust,polygamy
disgust,pompous
trust,pontiff
surprise,pop
disgust,porn
disgust,pornography
fear,posse
anticipation,possess
anger,possessed
anger,possession
anticipation,possibility
sadness,posthumous
surprise,postponement
anger,pound
anger,poverty
anger,pow
anger,powerful
fear,powerfully
anger,powerless
joy,practiced
anticipation,practise
joy,praise
joy,praised
anticipation,praiseworthy
surprise,prank
anticipation,pray
anticipation,precarious
trust,precedence
anticipation,precious
fear,precipice
anger,preclude
anticipation,precursor
fear,predicament
anticipation,predict
anticipation,prediction
anticipation,predilection
anticipation,predispose
trust,predominant
trust,prefer
disgust,pregnancy
anger,prejudice
disgust,prejudiced
anger,prejudicial
anticipation,preliminary
surprise,premature
fear,premeditated
anticipation,preparation
anticipation,preparatory
anticipation,prepare
anticipation,prepared
anticipation,preparedness
trust,preponderance
anticipation,prerequisite
anticipation,prescient
anticipation,present
anticipation,preservative
trust,president
joy,prestige
joy,presto
trust,presumption
anger,presumptuous
anger,pretending
anticipation,pretty
anticipation,prevail
trust,prevalent
fear,prevent
anticipation,prevention
fear,prey
anger,prick
joy,pride
trust,priest
anticipation,priesthood
trust,primer
anticipation,princely
trust,principal
anger,prison
anger,prisoner
joy,privileged
trust,privy
anticipation,probability
anticipation,probation
trust,probity
fear,problem
fear,procedure
anticipation,proceeding
joy,procession
trust,proctor
anticipation,production
anger,profane
anger,profanity
trust,professional
trust,professor
trust,professorship
anticipation,proficiency
trust,proficient
anticipation,prognosis
anticipation,prognostic
anticipation,progress
anticipation,progression
anger,prohibited
fear,projectile
fear,projectiles
anticipation,prologue
disgust,prolong
joy,promise
trust,proof
anticipation,prophecy
anticipation,prophet
anticipation,prophetic
anticipation,prophylactic
anger,prosecute
disgust,prosecution
anticipation,prospectively
anticipation,prosper
joy,prosperous
disgust,prostitute
disgust,prostitution
trust,protected
trust,protecting
trust,protector
fear,protestant
anticipation,proud
trust,proven
trust,provide
anticipation,providing
trust,proviso
anger,provocation
anger,provoking
fear,prowl
trust,proxy
trust,prudent
anger,pry
anger,psychosis
anticipation,public
disgust,puke
fear,puma
anger,punch
anticipation,punctual
disgust,pungent
fear,punish
anger,punished
anger,punishing
anger,punishment
anger,punitive
anticipation,punt
anticipation,puppy
trust,purely
disgust,purgatory
fear,purge
trust,purification
joy,purify
surprise,purity
joy,purr
disgust,pus
trust,putative
disgust,quack
disgust,quagmire
fear,quail
joy,quaint
fear,quake
trust,qualified
anger,quandary
fear,quarantine
anger,quarrel
fear,quash
anticipation,quest
disgust,questionable
anticipation,quicken
surprise,quickness
surprise,quicksilver
sadness,quiet
fear,quiver
fear,quivering
anticipation,quote
anger,rabble
anger,rabid
sadness,rack
trust,radar
anticipation,radiance
joy,radiant
fear,radiation
fear,radioactive
fear,radon
anticipation,raffle
anger,rage
anger,raging
disgust,rags
anger,raid
anger,rail
sadness,rainy
anger,ram
anger,rampage
disgust,rancid
surprise,randomly
trust,ranger
anger,ransom
anger,rape
surprise,rapid
anger,rapping
joy,rapt
fear,raptors
anticipation,rapture
surprise,rarity
anger,rascal
disgust,rash
disgust,rat
trust,ratify
anger,rating
trust,rational
fear,rattlesnake
anger,rave
anger,ravenous
fear,ravine
anger,raving
fear,razor
anger,react
anticipation,readiness
anticipation,ready
trust,real
surprise,reappear
trust,reassurance
trust,reassure
anger,rebel
anger,rebellion
anger,recalcitrant
anticipation,receiving
fear,recesses
anger,recession
anger,recidivism
anticipation,recipient
anger,reckless
anger,recklessness
trust,recline
anticipation,recognizable
anticipation,recombination
trust,recommend
anticipation,reconciliation
trust,reconsideration
anticipation,reconstruct
anticipation,reconstruction
anticipation,recreation
anticipation,recreational
trust,recruits
anticipation,recurrent
trust,referee
surprise,reflex
disgust,reflux
sadness,refugee
sadness,refused
fear,refutation
trust,regal
anticipation,regatta
trust,regent
fear,regiment
trust,registry
sadness,regret
sadness,regrettable
sadness,regretted
sadness,regretting
anticipation,regularity
fear,regulatory
disgust,regurgitation
anticipation,rehabilitation
trust,reimbursement
trust,reinforcement
trust,reinforcements
anger,reject
anger,rejection
anger,rejects
anticipation,rejoice
anticipation,rejoicing
anticipation,rekindle
fear,relapse
trust,related
trust,relative
trust,relevant
trust,reliability
trust,reliable
trust,reliance
sadness,relics
trust,religion
fear,reluctant
disgust,remains
anger,remand
joy,remarkable
anticipation,remedy
anger,remiss
sadness,remorse
anger,remove
anger,renegade
anger,renounce
anticipation,renovate
anticipation,renovation
trust,reparation
anger,repay
disgust,repellant
anger,repellent
disgust,repelling
fear,repent
trust,reporter
anticipation,representing
sadness,repress
fear,repression
anger,reprimand
anger,reprisal
anger,reproach
joy,reproductive
anger,repudiation
disgust,repulsion
trust,reputable
sadness,requiem
anticipation,rescue
fear,resection
anger,resent
anger,resentful
anger,resentment
anger,resign
sadness,resignation
sadness,resigned
anger,resistance
fear,resistant
anger,resisting
joy,resources
anticipation,respect
trust,respectable
trust,respectful
trust,respects
joy,respite
joy,resplendent
trust,responsible
anticipation,responsive
anger,restitution
anticipation,restlessness
anticipation,restorative
anger,restrain
fear,restrained
sadness,restrict
anger,restriction
anticipation,result
anticipation,resultant
trust,retain
anger,retaliate
anger,retaliation
anger,retaliatory
disgust,retard
fear,reticent
anticipation,retirement
anger,retract
fear,retrenchment
anger,retribution
anticipation,reunion
joy,revel
joy,revels
anger,revenge
anticipation,revere
joy,reverence
joy,reverend
joy,reverie
anger,reversal
anticipation,revival
anticipation,revive
anger,revoke
anger,revolt
anger,revolting
anger,revolution
anger,revolver
anger,revulsion
anticipation,reward
anger,rheumatism
joy,rhythmical
anger,ribbon
surprise,riddle
anger,ridicule
anger,ridiculous
anger,rifle
disgust,rigor
anger,ringer
anger,riot
anger,riotous
anticipation,ripen
anticipation,rising
anticipation,risk
anticipation,risky
anger,rivalry
joy,roadster
anger,rob
disgust,robber
anger,robbery
anger,rocket
fear,rod
disgust,rogue
joy,rollicking
anticipation,romance
anticipation,romantic
joy,romanticism
joy,romp
anger,rook
trust,rooted
disgust,rot
trust,rota
disgust,rotting
anticipation,roulette
trust,routine
anger,row
disgust,rubbish
fear,rubble
sadness,rue
fear,ruin
anger,ruined
anger,ruinous
fear,rule
sadness,rumor
sadness,runaway
fear,rupture
anger,ruthless
anger,saber
anger,sabotage
disgust,sacrifices
sadness,sadly
sadness,sadness
joy,safe
trust,safeguard
trust,safekeeping
fear,sag
trust,sage
anticipation,saint
anticipation,saintly
anticipation,salary
anticipation,saliva
surprise,sally
anger,saloon
joy,salutary
joy,salute
anticipation,salvation
fear,samurai
joy,sanctification
anticipation,sanctify
anticipation,sanctuary
sadness,sap
trust,sappy
anger,sarcasm
fear,sarcoma
anger,satanic
joy,satisfied
disgust,saturated
anger,savage
anger,savagery
joy,save
anticipation,savor
fear,scaffold
fear,scalpel
fear,scandal
anger,scandalous
anger,scapegoat
anger,scar
fear,scarce
sadness,scarcely
anger,scarcity
anger,scare
fear,scarecrow
trust,sceptical
anger,schism
anger,schizophrenia
joy,scholarship
trust,school
trust,scientific
anticipation,scientist
anger,scoff
anger,scold
anger,scolding
anger,scorching
anticipation,score
anger,scorn
anger,scorpion
anger,scoundrel
anger,scourge
anger,scrapie
anger,scream
anger,screaming
fear,screech
anger,screwed
surprise,scrimmage
trust,scripture
disgust,scrub
anticipation,scrutinize
disgust,scum
trust,seal
trust,seals
sadness,secluded
fear,seclusion
surprise,secrecy
trust,secret
disgust,secrete
disgust,secretion
anger,sectarian
anticipation,secular
trust,securities
anger,sedition
anticipation,seductive
anticipation,seek
anger,segregate
fear,seize
fear,seizure
anger,selfish
trust,senate
fear,senile
trust,seniority
joy,sensational
anger,senseless
anticipation,sensual
anticipation,sensuality
joy,sensuous
anger,sentence
trust,sentinel
trust,sentry
anger,separatist
fear,sepsis
disgust,septic
anticipation,sequel
sadness,sequestration
trust,serene
anticipation,serenity
anticipation,serial
trust,series
fear,seriousness
trust,sermon
disgust,serpent
trust,servant
trust,serve
disgust,servile
sadness,setback
fear,settlor
sadness,severance
disgust,sewage
disgust,sewer
disgust,sewerage
anticipation,sex
disgust,shabby
disgust,shack
anger,shackle
fear,shady
fear,shaking
anger,shaky
anger,sham
disgust,shame
sadness,shameful
disgust,shameless
disgust,shanghai
fear,shank
anticipation,share
anger,sharpen
anger,shatter
sadness,shattered
anger,shell
trust,shelter
trust,shepherd
trust,sheriff
anticipation,shining
anticipation,ship
fear,shipwreck
anger,shit
anger,shiver
anger,shock
surprise,shockingly
anger,shoddy
anger,shoot
fear,shooter
anger,shooting
trust,shopkeeper
anger,shoplifting
anticipation,shopping
anger,shortage
anticipation,shortly
anger,shot
trust,shoulder
anger,shout
anger,shove
trust,show
fear,shrapnel
anger,shriek
anger,shrill
fear,shrink
sadness,shroud
fear,shudder
anger,shun
trust,sib
disgust,sick
anger,sickening
disgust,sickly
disgust,sickness
trust,signature
anticipation,signify
joy,silly
anger,simmer
anticipation,simmering
anticipation,simplify
anger,sin
trust,sincere
anger,sinful
anticipation,sing
surprise,singularly
anger,sinister
anger,sinner
disgust,sinning
trust,sir
fear,siren
anger,sisterhood
anger,sizzle
anger,skewed
anger,skid
trust,skillful
anger,skirmish
anger,slam
anger,slander
anger,slap
anger,slash
anger,slaughter
anger,slaughterhouse
anger,slaughtering
anger,slave
anger,slavery
anger,slay
anger,slayer
disgust,slime
disgust,slimy
surprise,slip
disgust,slop
disgust,sloppy
disgust,sloth
disgust,sludge
disgust,slug
sadness,sluggish
disgust,slum
sadness,slump
anger,slur
disgust,slush
anger,slut
anger,sly
anger,smack
anger,smash
anger,smell
disgust,smelling
joy,smile
joy,smiling
anger,smite
trust,smith
anger,smother
fear,smuggle
anger,smuggler
disgust,smut
surprise,snag
disgust,snake
fear,snare
anger,snarl
anger,snarling
anger,sneak
anticipation,sneaking
anger,sneer
disgust,sneeze
sadness,snort
sadness,sob
trust,sobriety
disgust,socialism
anger,socialist
disgust,soil
disgust,soiled
anger,soldier
trust,solidarity
trust,solidity
surprise,somatic
sadness,somber
anticipation,sonar
joy,sonnet
joy,sonorous
disgust,soot
joy,soothing
anticipation,sorcery
anger,sordid
anger,sore
sadness,sorely
disgust,soreness
fear,sorrow
sadness,sorrowful
fear,sortie
disgust,soulless
fear,soulmate
anticipation,soundness
disgust,sour
trust,sovereign
anticipation,spa
joy,spaniel
anger,spank
anger,spanking
anticipation,sparkle
fear,spasm
anger,spat
anger,spear
joy,special
trust,specialist
trust,specialize
disgust,speck
anticipation,spectacular
fear,specter
fear,speculation
anticipation,speculative
disgust,spew
disgust,spider
fear,spike
anger,spine
fear,spinster
anticipation,spirits
disgust,spit
anger,spite
anger,spiteful
surprise,splash
joy,splendid
anticipation,splendor
sadness,splitting
disgust,spoil
sadness,spoiler
trust,spokesman
trust,sponsor
fear,spook
trust,spotless
joy,spouse
sadness,sprain
fear,sprite
fear,spur
disgust,spurious
fear,squall
disgust,squeamish
anger,squelch
disgust,squirm
anger,stab
trust,stable
surprise,stagger
sadness,stagnant
disgust,stain
anger,stalemate
fear,stalk
disgust,stall
trust,stamina
anger,standoff
anger,standstill
anticipation,star
trust,stark
anticipation,starry
anticipation,start
fear,startle
surprise,startling
fear,starvation
trust,statement
trust,statistical
trust,steadfast
surprise,steady
anger,steal
disgust,stealing
surprise,stealth
surprise,stealthily
anticipation,stealthy
sadness,sterile
anger,sterling
trust,steward
disgust,sticky
anger,stifled
anger,stigma
sadness,stillborn
fear,stillness
anger,sting
anger,stingy
disgust,stink
disgust,stinking
fear,stint
anger,stolen
disgust,stomach
anger,stone
disgust,stools
anticipation,store
anger,storm
anger,storming
fear,stormy
trust,straightforward
anger,strained
fear,straits
fear,stranger
anger,strangle
anticipation,strategist
trust,strength
joy,strengthening
fear,stretcher
sadness,stricken
anger,strife
anger,strike
sadness,strip
anger,stripped
anticipation,strive
fear,stroke
trust,structural
trust,structure
anger,struggle
fear,stunned
disgust,sty
surprise,subito
sadness,subjected
anger,subjugation
joy,sublimation
anticipation,submit
fear,subordinate
anticipation,subscribe
sadness,subsidence
anger,subsidy
trust,substantiate
anger,subversion
anger,subversive
disgust,subvert
anticipation,succeed
anticipation,succeeding
anticipation,success
anticipation,successful
anger,sucker
surprise,sudden
surprise,suddenly
anger,sue
fear,sufferer
disgust,suffering
disgust,suffocating
anger,suffocation
trust,suggest
anger,suicidal
anger,suicide
anger,sullen
fear,sultan
disgust,sump
anticipation,sun
anticipation,sundial
disgust,sunk
anticipation,sunny
anticipation,sunset
joy,sunshine
joy,superman
joy,superstar
fear,superstition
anticipation,superstitious
trust,supplication
joy,supporter
trust,supporting
anger,suppress
anger,suppression
anger,supremacy
anger,surcharge
trust,surety
surprise,surge
fear,surgery
anger,surly
fear,surprise
surprise,surprised
surprise,surprising
anticipation,surprisingly
fear,surrender
sadness,surrendering
trust,surrogate
anticipation,surround
fear,surveillance
fear,suspect
anticipation,suspense
fear,suspension
fear,suspicion
anger,suspicious
disgust,swamp
disgust,swampy
disgust,swarm
anger,swastika
trust,swear
fear,sweat
anticipation,sweet
anticipation,sweetheart
anticipation,sweets
fear,swelling
fear,swerve
disgust,swig
anticipation,swim
disgust,swine
joy,symmetry
fear,sympathetic
sadness,sympathize
sadness,sympathy
anticipation,symphony
anticipation,synchronize
fear,syncope
trust,synergistic
trust,synod
fear,synonymous
fear,syringe
trust,system
disgust,taboo
anticipation,tabulate
anger,tackle
fear,tactics
sadness,taint
anger,talons
trust,tandem
anticipation,tantalizing
trust,tantamount
anger,tariff
disgust,tarnish
disgust,tasteless
trust,taught
anger,taunt
disgust,tawny
sadness,tax
joy,teach
trust,teacher
trust,team
disgust,tearful
anger,tease
anger,teasing
disgust,teeming
trust,temperate
anger,tempest
joy,tender
joy,tenderness
anger,tension
fear,terminal
sadness,terminate
sadness,termination
disgust,termite
anger,terrible
sadness,terribly
sadness,terrific
fear,terror
anger,terrorism
anger,terrorist
anger,terrorize
anticipation,testament
trust,testimony
disgust,tetanus
joy,thankful
joy,thanksgiving
anger,theft
disgust,theism
anger,theocratic
trust,theological
anticipation,theology
trust,theorem
anticipation,theory
joy,therapeutic
anticipation,thermocouple
trust,thermometer
anger,thief
anticipation,thirst
fear,thirteenth
fear,thorny
anticipation,thought
trust,thoughtful
anger,thoughtless
anger,thrash
anger,threat
anger,threaten
anger,threatening
anger,thresh
disgust,thrift
anticipation,thrill
anticipation,thrilling
anticipation,thriving
fear,throb
trust,throne
anger,throttle
anger,thug
anger,thump
fear,thumping
anger,thundering
surprise,thwart
anticipation,tickle
anger,tiff
anger,tighten
anticipation,time
fear,timid
anticipation,timidity
joy,tinsel
anger,tirade
trust,title
disgust,toad
joy,toast
disgust,toilet
anger,tolerate
sadness,tomb
anticipation,tomorrow
fear,toothache
anticipation,top
surprise,topple
anger,torment
fear,tornado
anger,torpedo
fear,torrent
anger,tortious
anger,torture
anger,touchy
sadness,tough
anger,toughness
anticipation,towering
disgust,toxic
fear,toxin
anticipation,track
fear,tract
trust,trade
fear,tragedy
trust,trainer
anger,traitor
disgust,tramp
joy,tranquil
joy,tranquility
trust,transaction
anticipation,transcendence
trust,transcript
anticipation,transitional
trust,translation
disgust,trash
disgust,trashy
anger,traumatic
disgust,travesty
anger,treacherous
anger,treachery
anticipation,treadmill
anger,treason
anticipation,treasure
trust,treasurer
anger,treat
anger,tree
fear,trembling
anger,tremor
anticipation,trepidation
anger,trespass
trust,tribe
fear,tribulation
anticipation,tribunal
trust,tribune
anticipation,tributary
surprise,trick
anger,trickery
surprise,trip
anger,tripping
anticipation,triumph
anticipation,triumphant
anger,troll
anticipation,trophy
anger,troublesome
joy,truce
trust,truck
joy,true
surprise,trump
trust,truss
trust,trust
trust,trustee
trust,truth
trust,truthful
trust,truthfulness
fear,tumor
fear,tumour
anger,tumult
anger,tumultuous
anger,turbulence
fear,turbulent
anger,turmoil
anger,tussle
trust,tutelage
anticipation,twinkle
fear,typhoon
anger,tyrannical
fear,tyranny
anger,tyrant
disgust,ugliness
disgust,ugly
anger,ulcer
anticipation,ultimate
anticipation,ultimately
anger,ultimatum
trust,umpire
sadness,unable
sadness,unacceptable
anticipation,unaccountable
sadness,unacknowledged
surprise,unanticipated
anger,unattainable
disgust,unattractive
disgust,unbearable
anticipation,unbeaten
anger,unbridled
trust,unbroken
fear,uncanny
anger,uncaring
anger,uncertain
disgust,unclean
disgust,unconscionable
joy,unconstrained
anger,uncontrollable
surprise,uncover
anticipation,undecided
surprise,underestimate
anger,underpaid
trust,understanding
sadness,undertaker
anticipation,undertaking
trust,underwrite
anger,undesirable
sadness,undesired
anticipation,undisclosed
surprise,undiscovered
anticipation,undoubted
anticipation,undying
anticipation,uneasiness
disgust,uneasy
sadness,uneducated
fear,unemployed
anger,unequal
trust,unequivocal
anticipation,unexpected
surprise,unexpectedly
anticipation,unexplained
anger,unfair
anger,unfairness
disgust,unfaithful
disgust,unfavorable
anticipation,unfold
surprise,unforeseen
anger,unforgiving
sadness,unfortunate
anger,unfriendly
anger,unfulfilled
sadness,ungodly
anger,ungrateful
surprise,unguarded
sadness,unhappiness
anger,unhappy
disgust,unhealthy
fear,unholy
anticipation,unification
surprise,unimaginable
sadness,unimportant
sadness,uninspired
surprise,unintended
surprise,unintentional
surprise,unintentionally
sadness,uninterested
sadness,uninteresting
sadness,uninvited
surprise,unique
trust,united
trust,unity
anticipation,university
anger,unjust
anger,unjustifiable
anger,unkind
anticipation,unknown
anger,unlawful
anger,unlucky
disgust,unmanageable
disgust,unnatural
anger,unpaid
disgust,unpleasant
disgust,unpopular
surprise,unprecedented
surprise,unpredictable
anticipation,unpublished
trust,unquestionable
trust,unquestionably
trust,unquestioned
trust,unreliable
sadness,unrequited
anticipation,unresolved
fear,unrest
anger,unruly
fear,unsafe
disgust,unsatisfactory
disgust,unsatisfied
sadness,unseat
anger,unsettled
disgust,unsightly
fear,unspeakable
fear,unstable
fear,unsteady
sadness,unsuccessful
anticipation,unsurpassed
surprise,unsuspecting
anger,unsympathetic
anger,unthinkable
disgust,untidy
joy,untie
sadness,untitled
anticipation,untold
anger,untoward
anger,untrustworthy
anticipation,unverified
disgust,unwashed
trust,unwavering
sadness,unwelcome
sadness,unwell
disgust,unworthy
anger,upheaval
anticipation,uphill
anticipation,uplift
trust,upright
anger,uprising
anger,upset
anticipation,urgency
anticipation,urgent
sadness,urn
trust,usher
trust,usual
anger,usurp
anger,usurped
anticipation,utopian
anticipation,vacation
disgust,vacuous
disgust,vainly
fear,validity
trust,valor
anger,vampire
surprise,vanish
fear,vanished
surprise,variable
disgust,varicella
sadness,veal
fear,veer
disgust,vegetative
anger,vehement
anger,vendetta
anticipation,venerable
anger,vengeance
anger,vengeful
anger,venom
anger,venomous
anger,vent
anticipation,veracity
fear,verdict
anticipation,verge
trust,verification
trust,verified
trust,verily
anger,vermin
joy,vernal
anger,versus
fear,vertigo
disgust,vesicular
trust,veteran
anger,veto
trust,vicar
anger,vicious
anger,victim
anger,victimized
joy,victor
joy,victorious
anticipation,victory
anticipation,vigil
anticipation,vigilance
fear,vigilant
trust,vigorous
trust,villager
fear,villain
anger,villainous
anger,vindicate
anticipation,vindication
anger,vindictive
anger,violation
anger,violence
anger,violent
anger,violently
fear,viper
trust,virgin
anticipation,virginity
trust,virtue
joy,virtuous
anger,virulence
anticipation,vision
anticipation,visionary
anticipation,visitor
anticipation,visor
joy,vitality
joy,vivacious
joy,vivid
anger,volatility
fear,volcano
anticipation,volunteer
trust,volunteers
anticipation,voluptuous
disgust,vomit
anger,vote
trust,votive
trust,vouch
trust,voucher
anticipation,vow
anticipation,voyage
disgust,vulgar
anger,vulgarity
fear,vulnerability
disgust,vulture
anger,waffle
joy,wages
fear,wail
anticipation,wait
disgust,wallow
fear,wan
sadness,wane
sadness,wanting
fear,war
anger,warden
fear,ware
anger,warfare
anger,warlike
fear,warlock
anticipation,warn
anticipation,warned
fear,warning
anger,warp
trust,warranty
anger,warrior
disgust,wart
fear,wary
disgust,waste
anger,wasted
anger,wasteful
disgust,wasting
anticipation,watch
trust,watchdog
trust,watchful
trust,watchman
fear,waver
fear,weakly
joy,wealth
trust,wear
sadness,wearily
sadness,weariness
sadness,weary
sadness,weeds
sadness,weep
sadness,weeping
anticipation,weigh
anticipation,weight
fear,weighty
disgust,weird
fear,weirdo
joy,welcomed
anger,wench
anticipation,whim
fear,whimper
joy,whimsical
disgust,whine
anger,whip
fear,whirlpool
fear,whirlwind
anticipation,white
joy,whiteness
trust,wholesome
disgust,whore
fear,wicked
disgust,wickedness
sadness,widow
sadness,widower
surprise,wild
anticipation,wilderness
fear,wildfire
anger,willful
disgust,wimp
anger,wimpy
anger,wince
anticipation,winner
anticipation,winning
anticipation,winnings
anger,wireless
trust,wisdom
anticipation,wishful
anger,witch
anger,witchcraft
sadness,withdraw
sadness,wither
disgust,withered
anticipation,withstand
trust,witness
joy,witty
anticipation,wizard
disgust,woe
sadness,woeful
disgust,woefully
joy,wonderful
joy,wonderfully
anticipation,wont
anger,wop
trust,word
anger,words
anticipation,worm
sadness,worn
sadness,worried
anticipation,worry
anticipation,worrying
fear,worse
disgust,worsening
anticipation,worship
anger,worthless
trust,worthy
trust,wot
anger,wound
anger,wrangling
anger,wrath
anger,wreak
anger,wreck
anger,wrecked
anger,wretch
disgust,wretched
anger,wring
sadness,wrinkled
anger,wrongdoing
anger,wrongful
anger,wrongly
fear,xenophobia
anticipation,yearning
anger,yell
anger,yelp
anticipation,young
anger,youth
surprise,zany
anticipation,zeal
joy,zealous
anticipation,zest
